{
  "00026-combined": {
    "label": "French Election 2002",
    "n_items": 16,
    "n_voters": 2597,
    "candidate_names": [
      "M\u00e9gret",
      "Lepage",
      "Gluckstein",
      "Bayrou",
      "Chirac",
      "Le Pen",
      "Taubira",
      "Saint-Josse",
      "Mam\u00e8re",
      "Jospin",
      "Boutin",
      "Hue",
      "Chev\u00e8nement",
      "Madelin",
      "Laguiller",
      "Besancenot"
    ],
    "approval_rates": [
      0.07624181748170966,
      0.1790527531767424,
      0.0431266846361186,
      0.33384674624566807,
      0.3638814016172507,
      0.14555256064690028,
      0.18944936465152099,
      0.0777820562187139,
      0.2880246438197921,
      0.4046977281478629,
      0.07739699653446284,
      0.11474778590681556,
      0.3030419715055834,
      0.21216788602233347,
      0.15440893338467462,
      0.1752021563342318
    ],
    "heterogeneity": [
      0.22975311490539918,
      0.27958727289581015,
      0.2924911518661519,
      0.2513045701910706,
      0.21656269617074703,
      0.22908596831010625,
      0.2584281290878082,
      0.29738990690113787,
      0.24345935435145216,
      0.22975442888858683,
      0.2885696517412935,
      0.25608009626466,
      0.26328481915089674,
      0.22735357201781883,
      0.27916302992518705,
      0.26052064675412695
    ],
    "pd_scores": [
      0.0026575345593661355,
      0.017888520699145025,
      0.001078300559767357,
      0.05595301233955414,
      0.057289304370479306,
      0.009680944616496419,
      0.018512815578058804,
      0.0035806324912976066,
      0.04033989486699279,
      0.0751868695982109,
      0.00344003455306462,
      0.00672101143332203,
      0.048295780994302095,
      0.020431590077054935,
      0.013278479997283675,
      0.01595862587811623
    ],
    "polis_scores": [
      0.0016419049647656073,
      0.031289087692517065,
      0.001022418659140529,
      0.08447970842134536,
      0.03001579778830963,
      0.007508978705528043,
      0.0158474892166782,
      0.004365988012614562,
      0.029241291986912093,
      0.05128068587251719,
      0.004206826774588637,
      0.0028465602830585,
      0.09208276384377351,
      0.01620604576033513,
      0.014704368354722476,
      0.011186254149138219
    ],
    "pmean_scores": [
      0.04871160357306038,
      0.1602517273087306,
      0.031247855825487468,
      0.267480861613418,
      0.2416181070598436,
      0.10305289565984325,
      0.13786754988378896,
      0.06754674501389507,
      0.20713603541770922,
      0.28426577422077487,
      0.06253805986808499,
      0.07373722292427033,
      0.2976779965335647,
      0.137961980420238,
      0.12291495641496848,
      0.11906750423130964
    ],
    "top_pd": 9,
    "top_polis": 12,
    "top_pmean": 12
  },
  "00071-combined": {
    "label": "French Election 2007",
    "n_items": 12,
    "n_voters": 2836,
    "candidate_names": [
      "Besancenot",
      "Buffet",
      "Schivardi",
      "Bayrou",
      "Bov\u00e9",
      "Voynet",
      "Villiers",
      "Royal",
      "Nihous",
      "Le Pen",
      "Sarkozy",
      "Laguiller"
    ],
    "approval_rates": [
      0.22461212976022568,
      0.06981664315937941,
      0.013399153737658674,
      0.47249647390691113,
      0.10895627644569816,
      0.1607898448519041,
      0.08533145275035262,
      0.4146685472496474,
      0.032087447108603666,
      0.11001410437235543,
      0.08815232722143865,
      0.4287729196050776
    ],
    "heterogeneity": [
      0.25289535262581087,
      0.26206224683382046,
      0.35988620199146515,
      0.19284654026358128,
      0.2684052732596422,
      0.2463723411091832,
      0.19706685870397678,
      0.21180646017272156,
      0.3012210012210012,
      0.1898566108775112,
      0.289429718875502,
      0.16506186376434914
    ],
    "pd_scores": [
      0.025477390233567612,
      0.002541870490430313,
      0.00012582532460944415,
      0.08604284658991819,
      0.006352106670698382,
      0.012711176007580685,
      0.00285800869073362,
      0.07277830439848201,
      0.0006134606241333968,
      0.0045809784601632715,
      0.00448022702270426,
      0.060642087128815296
    ],
    "polis_scores": [
      2.897208155057643e-05,
      3.861134853932607e-08,
      6.627280644623037e-10,
      8.242623947322626e-09,
      2.8596174979046743e-06,
      1.704097017264487e-05,
      7.925085534576861e-07,
      3.76755251170677e-05,
      3.9670699062775245e-08,
      9.97752880287625e-07,
      1.8556642781132704e-06,
      8.532066597375482e-05
    ],
    "pmean_scores": [
      0.18308766714335245,
      0.04288090665428305,
      0.011252128855545988,
      0.45219007696884267,
      0.08187647428751016,
      0.12527059798728957,
      0.055876012030301465,
      0.33381717458311133,
      0.02939154647655742,
      0.0753441889290493,
      0.0721069690520768,
      0.3108797170674355
    ],
    "top_pd": 3,
    "top_polis": 11,
    "top_pmean": 3
  }
}