{
  "00026-combined": {
    "label": "French Election 2002",
    "n_items": 16,
    "n_voters": 2597,
    "candidate_names": [
      "M\u00e9gret",
      "Lepage",
      "Gluckstein",
      "Bayrou",
      "Chirac",
      "Le Pen",
      "Taubira",
      "Saint-Josse",
      "Mam\u00e8re",
      "Jospin",
      "Boutin",
      "Hue",
      "Chev\u00e8nement",
      "Madelin",
      "Laguiller",
      "Besancenot"
    ],
    "approval_rates": [
      0.07624181748170966,
      0.1790527531767424,
      0.0431266846361186,
      0.33384674624566807,
      0.3638814016172507,
      0.14555256064690028,
      0.18944936465152099,
      0.0777820562187139,
      0.2880246438197921,
      0.4046977281478629,
      0.07739699653446284,
      0.11474778590681556,
      0.3030419715055834,
      0.21216788602233347,
      0.15440893338467462,
      0.1752021563342318
    ],
    "heterogeneity": [
      0.22975311490539918,
      0.27958727289581015,
      0.2924911518661519,
      0.2513045701910706,
      0.21656269617074703,
      0.22908596831010625,
      0.2584281290878082,
      0.29738990690113787,
      0.24345935435145216,
      0.22975442888858683,
      0.2885696517412935,
      0.25608009626466,
      0.26328481915089674,
      0.22735357201781883,
      0.27916302992518705,
      0.26052064675412695
    ],
    "pmean_scores": {
      "1": [
        0.07624181748170966,
        0.1790527531767424,
        0.0431266846361186,
        0.3338467462456681,
        0.3638814016172507,
        0.14555256064690028,
        0.189449364651521,
        0.0777820562187139,
        0.2880246438197921,
        0.40469772814786287,
        0.07739699653446283,
        0.11474778590681556,
        0.3030419715055834,
        0.21216788602233344,
        0.15440893338467462,
        0.1752021563342318
      ],
      "0": [
        0.06849553496972899,
        0.1765313726018751,
        0.03828251002930478,
        0.32573943094047536,
        0.34319439155202114,
        0.1356398328888848,
        0.17885387400161848,
        0.07547718220160161,
        0.27346610177154634,
        0.38673172079470225,
        0.07358954119407368,
        0.10372629279749217,
        0.3026227201997333,
        0.1980224522158873,
        0.1468801466816381,
        0.16214852129456922
      ],
      "-1": [
        0.061837659141210165,
        0.17426098957053207,
        0.035506544219906414,
        0.31733511707318485,
        0.31690391909475385,
        0.12554557369203626,
        0.1663216875109053,
        0.07352759078888058,
        0.25782920687955385,
        0.3640230688363703,
        0.07057062234775992,
        0.09432520368527252,
        0.3021917107272287,
        0.18281163271637332,
        0.14059331807088038,
        0.15066781998984252
      ],
      "-2": [
        0.05745566733568752,
        0.17214918376673272,
        0.03392347235204752,
        0.3085540531211834,
        0.2920493267776259,
        0.11846486246381276,
        0.15588611075507122,
        0.0720301755159521,
        0.2432618945936415,
        0.34098804128456456,
        0.06832854935015757,
        0.08764738477925943,
        0.30174606649910896,
        0.16910974517943,
        0.13565934580907968,
        0.14209027430656712
      ],
      "-5": [
        0.05175594891004041,
        0.16656033691403765,
        0.032116885789242614,
        0.28481890429517365,
        0.2556225988710871,
        0.10849332220472643,
        0.143575326403084,
        0.06942765472708126,
        0.22008648085203916,
        0.30331029053311753,
        0.0647158817401667,
        0.0782639066328152,
        0.30029732292893335,
        0.1473726972646419,
        0.12794700676820497,
        0.12747458009432952
      ],
      "-10": [
        0.04871160357306038,
        0.1602517273087306,
        0.031247855825487468,
        0.267480861613418,
        0.2416181070598436,
        0.10305289565984325,
        0.13786754988378896,
        0.06754674501389507,
        0.20713603541770922,
        0.28426577422077487,
        0.06253805986808499,
        0.07373722292427033,
        0.2976779965335647,
        0.137961980420238,
        0.12291495641496848,
        0.11906750423130964
      ],
      "-inf": [
        0.045030160016516704,
        0.1477427276993347,
        0.029642070798401237,
        0.2466792577751244,
        0.2283677753240639,
        0.09420011688328976,
        0.12992588199505356,
        0.06454107505762484,
        0.1902464177180572,
        0.2638305036635082,
        0.059053697272240455,
        0.06837638525994452,
        0.2807306085400529,
        0.12905335668750312,
        0.11342314575450656,
        0.10828193116931857
      ]
    },
    "top_by_p": {
      "1": 9,
      "0": 9,
      "-1": 9,
      "-2": 9,
      "-5": 9,
      "-10": 12,
      "-inf": 12
    }
  },
  "00071-combined": {
    "label": "French Election 2007",
    "n_items": 12,
    "n_voters": 2836,
    "candidate_names": [
      "Besancenot",
      "Buffet",
      "Schivardi",
      "Bayrou",
      "Bov\u00e9",
      "Voynet",
      "Villiers",
      "Royal",
      "Nihous",
      "Le Pen",
      "Sarkozy",
      "Laguiller"
    ],
    "approval_rates": [
      0.22461212976022568,
      0.06981664315937941,
      0.013399153737658674,
      0.47249647390691113,
      0.10895627644569816,
      0.1607898448519041,
      0.08533145275035262,
      0.4146685472496474,
      0.032087447108603666,
      0.11001410437235543,
      0.08815232722143865,
      0.4287729196050776
    ],
    "heterogeneity": [
      0.25289535262581087,
      0.26206224683382046,
      0.35988620199146515,
      0.19284654026358128,
      0.2684052732596422,
      0.2463723411091832,
      0.19706685870397678,
      0.21180646017272156,
      0.3012210012210012,
      0.1898566108775112,
      0.289429718875502,
      0.16506186376434914
    ],
    "pmean_scores": {
      "1": [
        0.22461212976022568,
        0.06981664315937941,
        0.013399153737658676,
        0.4724964739069112,
        0.10895627644569816,
        0.1607898448519041,
        0.0853314527503526,
        0.41466854724964736,
        0.03208744710860367,
        0.11001410437235544,
        0.08815232722143863,
        0.42877291960507763
      ],
      "0": [
        0.21481903541905426,
        0.061140309673675904,
        0.012498955430670118,
        0.4715293027633642,
        0.1013597475374966,
        0.15353225453794947,
        0.07925691244151095,
        0.40275761567042817,
        0.03135960015834106,
        0.10292857576072363,
        0.08248232745508786,
        0.4148420545605511
      ],
      "-1": [
        0.20715837428149336,
        0.05470924129820136,
        0.012070013645745612,
        0.4703830781112465,
        0.09602948233458265,
        0.14715629182400483,
        0.07338169630620506,
        0.38921196781860473,
        0.03087370361433255,
        0.09644764398454794,
        0.0790429311646485,
        0.3973650804114557
      ],
      "-2": [
        0.20144656926989324,
        0.05012364319971045,
        0.011831609418036106,
        0.46903307463771604,
        0.0924176154794695,
        0.141513999680878,
        0.06805546041070441,
        0.3751370272032543,
        0.030509037764672363,
        0.09092431679399153,
        0.07690580452643599,
        0.3778103360600309
      ],
      "-5": [
        0.19081219009675027,
        0.04474184588989056,
        0.011482217970211862,
        0.4636630427171683,
        0.08610270763090556,
        0.13056182539801695,
        0.05981486839894062,
        0.34794749337541736,
        0.029839207743916376,
        0.08075647025818801,
        0.07385964877751189,
        0.33468687858725904
      ],